,Sales,Customers,Year,Month,Day,Store
1,6338,579,2015,1,2,1
2,8613,621,2015,1,2,2
3,11609,1183,2015,1,2,3
4,12851,1350,2015,1,2,4
5,11228,1018,2015,1,2,5
6,11312,1067,2015,1,2,6
7,14899,1345,2015,1,2,7
8,10882,978,2015,1,2,8
9,12214,1032,2015,1,2,9
10,9770,885,2015,1,2,10
11,6322,692,2015,1,3,1
12,6859,532,2015,1,3,2
13,10262,1105,2015,1,3,3
14,11120,1296,2015,1,3,4
15,7084,707,2015,1,3,5
16,8016,839,2015,1,3,6
17,11414,1071,2015,1,3,7
18,7096,634,2015,1,3,8
19,7952,748,2015,1,3,9
20,6599,527,2015,1,3,10
21,6277,680,2015,1,5,1
22,8547,704,2015,1,5,2
23,9927,990,2015,1,5,3
24,10881,1445,2015,1,5,4
25,8872,844,2015,1,5,5
26,9846,995,2015,1,5,6
27,12431,1119,2015,1,5,7
28,8025,806,2015,1,5,8
29,8697,807,2015,1,5,9
30,7306,777,2015,1,5,10
31,6144,552,2015,1,6,1
32,9055,832,2015,1,6,2
33,9496,974,2015,1,6,3
34,9817,1366,2015,1,6,4
35,7268,742,2015,1,6,5
36,9575,1003,2015,1,6,6
37,11694,1145,2015,1,6,7
38,7890,763,2015,1,6,8
39,9389,817,2015,1,6,9
40,7744,795,2015,1,6,10
41,7359,722,2015,1,7,1
42,8420,677,2015,1,7,2
43,11318,1171,2015,1,7,3
44,10823,1455,2015,1,7,4
45,8529,905,2015,1,7,5
46,10464,1077,2015,1,7,6
47,13334,1291,2015,1,7,7
48,9028,830,2015,1,7,8
49,9924,856,2015,1,7,9
50,8653,896,2015,1,7,10
51,5997,543,2015,1,8,1
52,9179,790,2015,1,8,2
53,10385,1061,2015,1,8,3
54,11028,1507,2015,1,8,4
55,7814,801,2015,1,8,5
56,10473,1086,2015,1,8,6
57,12622,1188,2015,1,8,7
58,9022,841,2015,1,8,8
59,9343,800,2015,1,8,9
60,8288,818,2015,1,8,10
61,6201,622,2015,1,9,1
62,9060,966,2015,1,9,2
63,9553,1006,2015,1,9,3
64,10614,1393,2015,1,9,4
65,6821,667,2015,1,9,5
66,9683,978,2015,1,9,6
67,12314,1206,2015,1,9,7
68,7215,712,2015,1,9,8
69,9449,816,2015,1,9,9
70,7549,789,2015,1,9,10
71,7650,808,2015,1,10,1
72,9090,744,2015,1,10,2
73,11144,1159,2015,1,10,3
74,10907,1516,2015,1,10,4
75,8657,906,2015,1,10,5
76,10458,1063,2015,1,10,6
77,13334,1267,2015,1,10,7
78,9352,873,2015,1,10,8
79,9815,864,2015,1,10,9
80,8421,899,2015,1,10,10
81,6335,569,2015,1,12,1
82,9197,773,2015,1,12,2
83,10628,1097,2015,1,12,3
84,10948,1458,2015,1,12,4
85,7992,821,2015,1,12,5
86,10437,1070,2015,1,12,6
87,12781,1184,2015,1,12,7
88,9113,829,2015,1,12,8
89,9366,821,2015,1,12,9
90,8280,818,2015,1,12,10
91,6438,565,2015,1,13,1
92,8832,758,2015,1,13,2
93,11576,1179,2015,1,13,3
94,11104,1379,2015,1,13,4
95,8835,947,2015,1,13,5
96,10912,1133,2015,1,13,6
97,13571,1315,2015,1,13,7
98,9361,886,2015,1,13,8
99,10122,888,2015,1,13,9
100,9432,969,2015,1,13,10
101,5700,602,2015,1,14,1
102,9130,988,2015,1,14,2
103,9475,986,2015,1,14,3
104,10455,1376,2015,1,14,4
105,6466,646,2015,1,14,5
106,9905,1004,2015,1,14,6
107,12359,1202,2015,1,14,7
108,7442,724,2015,1,14,8
109,9485,806,2015,1,14,9
110,7960,868,2015,1,14,10
111,7356,695,2015,1,15,1
112,9008,727,2015,1,15,2
113,11047,1121,2015,1,15,3
114,11113,1412,2015,1,15,4
115,8939,937,2015,1,15,5
116,10604,1064,2015,1,15,6
117,13470,1284,2015,1,15,7
118,9237,828,2015,1,15,8
119,9846,831,2015,1,15,9
120,8974,964,2015,1,15,10
121,6606,604,2015,1,16,1
122,10200,1079,2015,1,16,2
123,11110,1134,2015,1,16,3
124,11926,1446,2015,1,16,4
125,9055,955,2015,1,16,5
126,11379,1183,2015,1,16,6
127,14303,1379,2015,1,16,7
128,9784,950,2015,1,16,8
129,10756,970,2015,1,16,9
130,10136,986,2015,1,16,10
131,5611,555,2015,1,17,1
132,9876,784,2015,1,17,2
133,10470,1020,2015,1,17,3
134,10783,1367,2015,1,17,4
135,7892,832,2015,1,17,5
136,10700,1077,2015,1,17,6
137,12138,1102,2015,1,17,7
138,9024,762,2015,1,17,8
139,9314,750,2015,1,17,9
140,8176,822,2015,1,17,10
141,5601,541,2015,1,19,1
142,9228,909,2015,1,19,2
143,9404,966,2015,1,19,3
144,9955,1314,2015,1,19,4
145,7102,701,2015,1,19,5
146,9340,957,2015,1,19,6
147,11862,1162,2015,1,19,7
148,7190,701,2015,1,19,8
149,9226,786,2015,1,19,9
150,7406,781,2015,1,19,10
151,6201,630,2015,1,20,1
152,8604,850,2015,1,20,2
153,9041,960,2015,1,20,3
154,9208,1277,2015,1,20,4
155,7268,719,2015,1,20,5
156,9250,969,2015,1,20,6
157,11824,1188,2015,1,20,7
158,7231,702,2015,1,20,8
159,9132,773,2015,1,20,9
160,7464,829,2015,1,20,10
161,6209,639,2015,1,21,1
162,7597,709,2015,1,21,2
163,9237,1001,2015,1,21,3
164,10573,1375,2015,1,21,4
165,4623,467,2015,1,21,5
166,8647,875,2015,1,21,6
167,12513,1275,2015,1,21,7
168,6343,604,2015,1,21,8
169,8941,796,2015,1,21,9
170,8204,869,2015,1,21,10
171,5479,517,2015,1,22,1
172,8185,781,2015,1,22,2
173,9385,974,2015,1,22,3
174,9965,1395,2015,1,22,4
175,7173,718,2015,1,22,5
176,10000,1030,2015,1,22,6
177,12151,1215,2015,1,22,7
178,7790,747,2015,1,22,8
179,8723,739,2015,1,22,9
180,8176,903,2015,1,22,10
181,7217,653,2015,1,23,1
182,8922,763,2015,1,23,2
183,11004,1132,2015,1,23,3
184,11360,1397,2015,1,23,4
185,9145,965,2015,1,23,5
186,10800,1122,2015,1,23,6
187,14196,1410,2015,1,23,7
188,9030,854,2015,1,23,8
189,10534,924,2015,1,23,9
190,10096,1009,2015,1,23,10
191,4708,494,2015,1,24,1
192,9070,872,2015,1,24,2
193,9629,947,2015,1,24,3
194,10060,1369,2015,1,24,4
195,6664,685,2015,1,24,5
196,10368,1046,2015,1,24,6
197,11272,1074,2015,1,24,7
198,7719,693,2015,1,24,8
199,9154,746,2015,1,24,9
200,7823,817,2015,1,24,10
201,5967,567,2015,1,26,1
202,8690,932,2015,1,26,2
203,9490,1006,2015,1,26,3
204,10918,1361,2015,1,26,4
205,4666,484,2015,1,26,5
206,8850,888,2015,1,26,6
207,12556,1230,2015,1,26,7
208,7099,694,2015,1,26,8
209,8839,743,2015,1,26,9
210,7942,747,2015,1,26,10
211,6630,665,2015,1,27,1
212,9083,842,2015,1,27,2
213,11396,1201,2015,1,27,3
214,11899,1508,2015,1,27,4
215,9429,1020,2015,1,27,5
216,11618,1213,2015,1,27,6
217,15304,1503,2015,1,27,7
218,10161,976,2015,1,27,8
219,11518,1026,2015,1,27,9
220,10328,1061,2015,1,27,10
221,4787,493,2015,1,28,1
222,9646,856,2015,1,28,2
223,10519,1083,2015,1,28,3
224,10552,1429,2015,1,28,4
225,7436,757,2015,1,28,5
226,10512,1090,2015,1,28,6
227,12105,1116,2015,1,28,7
228,8687,754,2015,1,28,8
229,9454,785,2015,1,28,9
230,8192,831,2015,1,28,10
231,6311,618,2015,1,29,1
232,9398,951,2015,1,29,2
233,9407,969,2015,1,29,3
234,11099,1331,2015,1,29,4
235,5141,578,2015,1,29,5
236,8566,837,2015,1,29,6
237,12820,1244,2015,1,29,7
238,7677,742,2015,1,29,8
239,9348,788,2015,1,29,9
240,8273,769,2015,1,29,10
241,5704,598,2015,1,30,1
242,8618,936,2015,1,30,2
243,8541,920,2015,1,30,3
244,11352,1423,2015,1,30,4
245,5711,598,2015,1,30,5
246,9544,996,2015,1,30,6
247,13512,1437,2015,1,30,7
248,7574,804,2015,1,30,8
249,9563,842,2015,1,30,9
250,8259,860,2015,1,30,10
251,6222,612,2015,1,31,1
252,9241,907,2015,1,31,2
253,9101,960,2015,1,31,3
254,11563,1383,2015,1,31,4
255,7572,782,2015,1,31,5
256,10750,1131,2015,1,31,6
257,14308,1440,2015,1,31,7
258,8952,933,2015,1,31,8
259,10481,975,2015,1,31,9
260,9601,974,2015,1,31,10
261,4682,469,2015,2,2,1
262,8919,954,2015,2,2,2
263,6902,693,2015,2,2,3
264,10645,1303,2015,2,2,4
265,4274,526,2015,2,2,5
266,8443,876,2015,2,2,6
267,11922,1153,2015,2,2,7
268,7257,809,2015,2,2,8
269,7000,579,2015,2,2,9
270,6813,507,2015,2,2,10
271,4660,431,2015,2,3,1
272,7028,786,2015,2,3,2
273,7477,668,2015,2,3,3
274,9172,1304,2015,2,3,4
275,4499,556,2015,2,3,5
276,7996,821,2015,2,3,6
277,11453,1336,2015,2,3,7
278,6532,671,2015,2,3,8
279,6769,531,2015,2,3,9
280,5919,462,2015,2,3,10
281,4646,441,2015,2,4,1
282,7690,732,2015,2,4,2
283,6623,592,2015,2,4,3
284,10509,1321,2015,2,4,4
285,4339,471,2015,2,4,5
286,8204,843,2015,2,4,6
287,12239,1196,2015,2,4,7
288,6897,746,2015,2,4,8
289,6846,542,2015,2,4,9
290,5956,442,2015,2,4,10
291,4939,492,2015,2,5,1
292,7503,878,2015,2,5,2
293,8605,872,2015,2,5,3
294,9670,1423,2015,2,5,4
295,7058,760,2015,2,5,5
296,8754,950,2015,2,5,6
297,12189,1294,2015,2,5,7
298,8059,869,2015,2,5,8
299,8417,686,2015,2,5,9
300,7164,689,2015,2,5,10
301,5968,555,2015,2,6,1
302,6530,784,2015,2,6,2
303,8967,875,2015,2,6,3
304,8061,1289,2015,2,6,4
305,6123,667,2015,2,6,5
306,7816,872,2015,2,6,6
307,10613,1168,2015,2,6,7
308,5784,672,2015,2,6,8
309,7700,657,2015,2,6,9
310,6802,686,2015,2,6,10
311,5794,588,2015,2,7,1
312,7452,826,2015,2,7,2
313,9183,907,2015,2,7,3
314,9687,1401,2015,2,7,4
315,6751,758,2015,2,7,5
316,8804,989,2015,2,7,6
317,12265,1244,2015,2,7,7
318,7827,849,2015,2,7,8
319,8326,668,2015,2,7,9
320,7871,677,2015,2,7,10
321,5210,474,2015,2,9,1
322,5196,739,2015,2,9,2
323,9067,902,2015,2,9,3
324,8840,1353,2015,2,9,4
325,5318,638,2015,2,9,5
326,8146,845,2015,2,9,6
327,10058,1115,2015,2,9,7
328,4895,517,2015,2,9,8
329,7175,614,2015,2,9,9
330,6028,487,2015,2,9,10
331,5040,472,2015,2,10,1
332,6747,710,2015,2,10,2
333,7677,749,2015,2,10,3
334,9871,1450,2015,2,10,4
335,6577,691,2015,2,10,5
336,8379,929,2015,2,10,6
337,11910,1196,2015,2,10,7
338,6270,728,2015,2,10,8
339,7446,586,2015,2,10,9
340,7527,622,2015,2,10,10
341,5012,488,2015,2,11,1
342,6944,762,2015,2,11,2
343,7411,695,2015,2,11,3
344,10224,1281,2015,2,11,4
345,4145,509,2015,2,11,5
346,8363,874,2015,2,11,6
347,12264,1200,2015,2,11,7
348,6172,657,2015,2,11,8
349,6494,498,2015,2,11,9
350,5668,399,2015,2,11,10
351,4682,447,2015,2,12,1
352,6370,754,2015,2,12,2
353,7782,764,2015,2,12,3
354,10033,1475,2015,2,12,4
355,6170,695,2015,2,12,5
356,8467,916,2015,2,12,6
357,11890,1263,2015,2,12,7
358,6662,752,2015,2,12,8
359,7858,614,2015,2,12,9
360,7518,660,2015,2,12,10
361,5858,523,2015,2,13,1
362,7924,737,2015,2,13,2
363,8735,835,2015,2,13,3
364,10324,1323,2015,2,13,4
365,6778,711,2015,2,13,5
366,8613,934,2015,2,13,6
367,13115,1285,2015,2,13,7
368,7675,834,2015,2,13,8
369,8043,618,2015,2,13,9
370,7622,584,2015,2,13,10
371,4664,421,2015,2,14,1
372,5342,731,2015,2,14,2
373,9098,871,2015,2,14,3
374,8943,1350,2015,2,14,4
375,4881,624,2015,2,14,5
376,8122,821,2015,2,14,6
377,10325,1181,2015,2,14,7
378,5066,512,2015,2,14,8
379,7046,583,2015,2,14,9
380,5588,437,2015,2,14,10
381,4680,450,2015,2,16,1
382,6726,685,2015,2,16,2
383,6469,601,2015,2,16,3
384,10792,1366,2015,2,16,4
385,4522,488,2015,2,16,5
386,8646,894,2015,2,16,6
387,12210,1186,2015,2,16,7
388,6842,793,2015,2,16,8
389,6796,564,2015,2,16,9
390,6535,506,2015,2,16,10
391,4936,469,2015,2,17,1
392,6947,773,2015,2,17,2
393,8475,837,2015,2,17,3
394,10077,1439,2015,2,17,4
395,6940,759,2015,2,17,5
396,8850,962,2015,2,17,6
397,12679,1265,2015,2,17,7
398,8182,887,2015,2,17,8
399,8150,696,2015,2,17,9
400,7577,637,2015,2,17,10
401,5398,495,2015,2,18,1
402,7558,743,2015,2,18,2
403,7514,696,2015,2,18,3
404,10157,1293,2015,2,18,4
405,4288,509,2015,2,18,5
406,7856,794,2015,2,18,6
407,12344,1216,2015,2,18,7
408,5754,537,2015,2,18,8
409,6977,549,2015,2,18,9
410,6393,441,2015,2,18,10
411,4402,419,2015,2,19,1
412,5168,780,2015,2,19,2
413,8973,843,2015,2,19,3
414,9297,1452,2015,2,19,4
415,5544,690,2015,2,19,5
416,8099,854,2015,2,19,6
417,10462,1189,2015,2,19,7
418,5188,596,2015,2,19,8
419,7261,645,2015,2,19,9
420,5707,520,2015,2,19,10
421,5142,486,2015,2,20,1
422,5585,733,2015,2,20,2
423,8612,846,2015,2,20,3
424,8235,1305,2015,2,20,4
425,5888,642,2015,2,20,5
426,7334,832,2015,2,20,6
427,10116,1151,2015,2,20,7
428,5325,599,2015,2,20,8
429,7285,641,2015,2,20,9
430,6389,612,2015,2,20,10
431,5250,500,2015,2,21,1
432,5784,661,2015,2,21,2
433,8438,818,2015,2,21,3
434,9242,1316,2015,2,21,4
435,5202,582,2015,2,21,5
436,7917,800,2015,2,21,6
437,10625,1155,2015,2,21,7
438,5340,517,2015,2,21,8
439,7421,548,2015,2,21,9
440,5807,426,2015,2,21,10
441,4549,448,2015,2,23,1
442,7009,668,2015,2,23,2
443,6894,665,2015,2,23,3
444,10095,1412,2015,2,23,4
445,4925,556,2015,2,23,5
446,8522,892,2015,2,23,6
447,11797,1190,2015,2,23,7
448,6167,632,2015,2,23,8
449,6806,532,2015,2,23,9
450,6467,463,2015,2,23,10
451,4495,448,2015,2,24,1
452,5565,786,2015,2,24,2
453,8711,858,2015,2,24,3
454,8444,1332,2015,2,24,4
455,5805,647,2015,2,24,5
456,7828,865,2015,2,24,6
457,10422,1131,2015,2,24,7
458,4816,578,2015,2,24,8
459,7053,645,2015,2,24,9
460,6186,596,2015,2,24,10
461,5231,495,2015,2,25,1
462,5209,630,2015,2,25,2
463,8764,831,2015,2,25,3
464,8717,1323,2015,2,25,4
465,4782,561,2015,2,25,5
466,7596,770,2015,2,25,6
467,10422,1207,2015,2,25,7
468,4910,529,2015,2,25,8
469,7315,541,2015,2,25,9
470,5756,439,2015,2,25,10
471,4853,453,2015,2,26,1
472,6267,665,2015,2,26,2
473,7606,717,2015,2,26,3
474,9949,1320,2015,2,26,4
475,4691,511,2015,2,26,5
476,7772,785,2015,2,26,6
477,11590,1270,2015,2,26,7
478,5635,545,2015,2,26,8
479,7084,513,2015,2,26,9
480,5859,419,2015,2,26,10
481,4467,444,2015,2,27,1
482,7356,673,2015,2,27,2
483,6789,642,2015,2,27,3
484,10574,1381,2015,2,27,4
485,5342,601,2015,2,27,5
486,9002,941,2015,2,27,6
487,12169,1201,2015,2,27,7
488,6515,742,2015,2,27,8
489,7311,571,2015,2,27,9
490,6454,476,2015,2,27,10
491,4849,477,2015,2,28,1
492,6225,804,2015,2,28,2
493,8796,860,2015,2,28,3
494,8615,1325,2015,2,28,4
495,6284,684,2015,2,28,5
496,8170,897,2015,2,28,6
497,11017,1189,2015,2,28,7
498,6420,688,2015,2,28,8
499,7507,641,2015,2,28,9
500,6623,629,2015,2,28,10
501,5572,536,2015,3,2,1
502,7032,585,2015,3,2,2
503,8673,865,2015,3,2,3
504,10827,1287,2015,3,2,4
505,5422,601,2015,3,2,5
506,9224,908,2015,3,2,6
507,12402,1245,2015,3,2,7
508,8230,826,2015,3,2,8
509,8244,642,2015,3,2,9
510,7985,784,2015,3,2,10
511,4551,492,2015,3,3,1
512,7121,701,2015,3,3,2
513,6090,638,2015,3,3,3
514,10662,1295,2015,3,3,4
515,3391,352,2015,3,3,5
516,7455,735,2015,3,3,6
517,11243,1109,2015,3,3,7
518,6118,543,2015,3,3,8
519,7038,580,2015,3,3,9
520,7142,635,2015,3,3,10
521,5242,522,2015,3,4,1
522,7246,596,2015,3,4,2
523,6757,688,2015,3,4,3
524,11109,1309,2015,3,4,4
525,5031,569,2015,3,4,5
526,8847,909,2015,3,4,6
527,11453,1154,2015,3,4,7
528,7556,706,2015,3,4,8
529,7503,647,2015,3,4,9
530,7977,794,2015,3,4,10
531,4529,451,2015,3,5,1
532,7162,652,2015,3,5,2
533,7465,773,2015,3,5,3
534,10018,1344,2015,3,5,4
535,5976,644,2015,3,5,5
536,8816,912,2015,3,5,6
537,10475,1043,2015,3,5,7
538,7659,681,2015,3,5,8
539,7328,640,2015,3,5,9
540,7884,770,2015,3,5,10
541,5364,469,2015,3,6,1
542,6645,635,2015,3,6,2
543,7815,781,2015,3,6,3
544,9095,1239,2015,3,6,4
545,4980,559,2015,3,6,5
546,8228,808,2015,3,6,6
547,10002,1043,2015,3,6,7
548,6249,635,2015,3,6,8
549,7025,612,2015,3,6,9
550,7663,774,2015,3,6,10
551,6206,584,2015,3,7,1
552,6776,556,2015,3,7,2
553,9284,925,2015,3,7,3
554,10624,1413,2015,3,7,4
555,7055,768,2015,3,7,5
556,9364,943,2015,3,7,6
557,11139,1096,2015,3,7,7
558,8361,745,2015,3,7,8
559,7990,666,2015,3,7,9
560,8678,938,2015,3,7,10
561,5188,522,2015,3,9,1
562,5675,682,2015,3,9,2
563,7410,736,2015,3,9,3
564,9929,1355,2015,3,9,4
565,3373,341,2015,3,9,5
566,7013,656,2015,3,9,6
567,9880,984,2015,3,9,7
568,4760,463,2015,3,9,8
569,6625,557,2015,3,9,9
570,7631,809,2015,3,9,10
571,5499,508,2015,3,10,1
572,6531,529,2015,3,10,2
573,8417,802,2015,3,10,3
574,10402,1409,2015,3,10,4
575,6148,635,2015,3,10,5
576,8956,913,2015,3,10,6
577,9972,932,2015,3,10,7
578,7344,584,2015,3,10,8
579,6732,529,2015,3,10,9
580,8050,804,2015,3,10,10
581,5082,499,2015,3,11,1
582,7389,736,2015,3,11,2
583,6847,716,2015,3,11,3
584,10448,1321,2015,3,11,4
585,4500,540,2015,3,11,5
586,7696,771,2015,3,11,6
587,10993,1128,2015,3,11,7
588,6740,592,2015,3,11,8
589,6825,605,2015,3,11,9
590,6676,603,2015,3,11,10
591,4267,434,2015,3,12,1
592,5445,533,2015,3,12,2
593,5760,538,2015,3,12,3
594,10328,1477,2015,3,12,4
595,3716,435,2015,3,12,5
596,8112,742,2015,3,12,6
597,9138,898,2015,3,12,7
598,6520,573,2015,3,12,8
599,5698,548,2015,3,12,9
600,7472,690,2015,3,12,10
601,4545,450,2015,3,13,1
602,6908,566,2015,3,13,2
603,7943,755,2015,3,13,3
604,10713,1318,2015,3,13,4
605,6322,678,2015,3,13,5
606,8650,872,2015,3,13,6
607,10491,1022,2015,3,13,7
608,7540,605,2015,3,13,8
609,6819,588,2015,3,13,9
610,7936,843,2015,3,13,10
611,4317,448,2015,3,14,1
612,5412,625,2015,3,14,2
613,6199,593,2015,3,14,3
614,9557,1310,2015,3,14,4
615,3015,296,2015,3,14,5
616,6072,593,2015,3,14,6
617,9915,952,2015,3,14,7
618,4297,402,2015,3,14,8
619,6222,497,2015,3,14,9
620,6498,595,2015,3,14,10
621,4699,462,2015,3,16,1
622,6710,510,2015,3,16,2
623,6835,648,2015,3,16,3
624,11060,1357,2015,3,16,4
625,4598,474,2015,3,16,5
626,7517,728,2015,3,16,6
627,10458,1023,2015,3,16,7
628,7004,577,2015,3,16,8
629,6676,555,2015,3,16,9
630,7183,745,2015,3,16,10
631,4108,413,2015,3,17,1
632,5723,564,2015,3,17,2
633,6877,662,2015,3,17,3
634,10560,1421,2015,3,17,4
635,6049,656,2015,3,17,5
636,8546,854,2015,3,17,6
637,10034,960,2015,3,17,7
638,7169,623,2015,3,17,8
639,6945,609,2015,3,17,9
640,8024,786,2015,3,17,10
641,5110,484,2015,3,18,1
642,7037,594,2015,3,18,2
643,7859,743,2015,3,18,3
644,10619,1280,2015,3,18,4
645,5735,631,2015,3,18,5
646,8691,859,2015,3,18,6
647,11621,1220,2015,3,18,7
648,7683,692,2015,3,18,8
649,7349,597,2015,3,18,9
650,7561,764,2015,3,18,10
651,4188,451,2015,3,19,1
652,5455,632,2015,3,19,2
653,5579,531,2015,3,19,3
654,9486,1293,2015,3,19,4
655,3225,318,2015,3,19,5
656,6168,586,2015,3,19,6
657,9612,968,2015,3,19,7
658,4630,487,2015,3,19,8
659,6010,505,2015,3,19,9
660,6762,657,2015,3,19,10
661,4243,444,2015,3,20,1
662,5409,526,2015,3,20,2
663,6723,635,2015,3,20,3
664,9110,1291,2015,3,20,4
665,4243,402,2015,3,20,5
666,6686,642,2015,3,20,6
667,9905,965,2015,3,20,7
668,5361,552,2015,3,20,8
669,5453,484,2015,3,20,9
670,6645,629,2015,3,20,10
671,4341,448,2015,3,21,1
672,5963,560,2015,3,21,2
673,7512,713,2015,3,21,3
674,10395,1376,2015,3,21,4
675,3619,358,2015,3,21,5
676,6824,661,2015,3,21,6
677,11050,1071,2015,3,21,7
678,5564,511,2015,3,21,8
679,6545,516,2015,3,21,9
680,6777,613,2015,3,21,10
681,4698,482,2015,3,23,1
682,7026,564,2015,3,23,2
683,7990,743,2015,3,23,3
684,11094,1373,2015,3,23,4
685,5427,577,2015,3,23,5
686,8729,863,2015,3,23,6
687,10662,1030,2015,3,23,7
688,7553,613,2015,3,23,8
689,7130,567,2015,3,23,9
690,7893,836,2015,3,23,10
691,3884,413,2015,3,24,1
692,5755,669,2015,3,24,2
693,5757,591,2015,3,24,3
694,9580,1343,2015,3,24,4
695,3577,374,2015,3,24,5
696,6485,609,2015,3,24,6
697,8924,953,2015,3,24,7
698,4760,545,2015,3,24,8
699,5301,523,2015,3,24,9
700,7273,663,2015,3,24,10
701,4413,461,2015,3,25,1
702,5562,542,2015,3,25,2
703,6744,627,2015,3,25,3
704,9394,1322,2015,3,25,4
705,3596,320,2015,3,25,5
706,6205,613,2015,3,25,6
707,9936,948,2015,3,25,7
708,4825,395,2015,3,25,8
709,6374,472,2015,3,25,9
710,6541,589,2015,3,25,10
711,4577,466,2015,3,26,1
712,6066,517,2015,3,26,2
713,6408,606,2015,3,26,3
714,10941,1360,2015,3,26,4
715,3236,292,2015,3,26,5
716,6611,652,2015,3,26,6
717,11111,1075,2015,3,26,7
718,5478,487,2015,3,26,8
719,6502,505,2015,3,26,9
720,6992,632,2015,3,26,10
721,4573,468,2015,3,27,1
722,7118,564,2015,3,27,2
723,7554,718,2015,3,27,3
724,11353,1366,2015,3,27,4
725,6354,664,2015,3,27,5
726,9399,949,2015,3,27,6
727,11663,1184,2015,3,27,7
728,7817,706,2015,3,27,8
729,7922,652,2015,3,27,9
730,8734,892,2015,3,27,10
731,4137,415,2015,3,28,1
732,6885,707,2015,3,28,2
733,7324,769,2015,3,28,3
734,9692,1299,2015,3,28,4
735,5116,577,2015,3,28,5
736,8409,841,2015,3,28,6
737,9867,1014,2015,3,28,7
738,6347,598,2015,3,28,8
739,6563,610,2015,3,28,9
740,7843,739,2015,3,28,10
741,5084,509,2015,3,30,1
742,6650,603,2015,3,30,2
743,7054,672,2015,3,30,3
744,10070,1288,2015,3,30,4
745,3205,275,2015,3,30,5
746,6008,603,2015,3,30,6
747,11044,1025,2015,3,30,7
748,4689,348,2015,3,30,8
749,6896,510,2015,3,30,9
750,6781,556,2015,3,30,10
751,4913,516,2015,3,31,1
752,6687,556,2015,3,31,2
753,6114,632,2015,3,31,3
754,11391,1392,2015,3,31,4
755,3830,428,2015,3,31,5
756,7281,716,2015,3,31,6
757,11292,1121,2015,3,31,7
758,6557,606,2015,3,31,8
759,6770,585,2015,3,31,9
760,7101,652,2015,3,31,10
761,4386,463,2015,4,1,1
762,7090,726,2015,4,1,2
763,5721,550,2015,4,1,3
764,9354,1264,2015,4,1,4
765,3687,459,2015,4,1,5
766,6885,693,2015,4,1,6
767,11333,1186,2015,4,1,7
768,5459,525,2015,4,1,8
769,6206,447,2015,4,1,9
770,5716,431,2015,4,1,10
771,4435,444,2015,4,2,1
772,7232,683,2015,4,2,2
773,5774,546,2015,4,2,3
774,9789,1333,2015,4,2,4
775,3993,465,2015,4,2,5
776,7060,706,2015,4,2,6
777,11142,1105,2015,4,2,7
778,5796,526,2015,4,2,8
779,5939,479,2015,4,2,9
780,5702,456,2015,4,2,10
781,4590,461,2015,4,4,1
782,7328,704,2015,4,4,2
783,5684,538,2015,4,4,3
784,9159,1314,2015,4,4,4
785,3868,460,2015,4,4,5
786,7026,713,2015,4,4,6
787,11306,1124,2015,4,4,7
788,6127,607,2015,4,4,8
789,5569,447,2015,4,4,9
790,5324,425,2015,4,4,10
791,4780,437,2015,4,7,1
792,7368,637,2015,4,7,2
793,6954,680,2015,4,7,3
794,10436,1496,2015,4,7,4
795,5812,671,2015,4,7,5
796,8630,838,2015,4,7,6
797,11835,1196,2015,4,7,7
798,7053,705,2015,4,7,8
799,7139,579,2015,4,7,9
800,7544,623,2015,4,7,10
801,5239,457,2015,4,8,1
802,7275,756,2015,4,8,2
803,8342,822,2015,4,8,3
804,9298,1373,2015,4,8,4
805,5297,632,2015,4,8,5
806,7737,803,2015,4,8,6
807,10944,1101,2015,4,8,7
808,6379,679,2015,4,8,8
809,7176,615,2015,4,8,9
810,7262,626,2015,4,8,10
811,5127,494,2015,4,9,1
812,5313,705,2015,4,9,2
813,8461,760,2015,4,9,3
814,8552,1322,2015,4,9,4
815,4903,555,2015,4,9,5
816,7342,725,2015,4,9,6
817,9929,1117,2015,4,9,7
818,4607,465,2015,4,9,8
819,7313,590,2015,4,9,9
820,6297,571,2015,4,9,10
821,4975,470,2015,4,10,1
822,7477,682,2015,4,10,2
823,8003,816,2015,4,10,3
824,10355,1475,2015,4,10,4
825,6557,696,2015,4,10,5
826,8545,914,2015,4,10,6
827,10856,1090,2015,4,10,7
828,7296,703,2015,4,10,8
829,7659,594,2015,4,10,9
830,7814,682,2015,4,10,10
831,4942,484,2015,4,11,1
832,7384,800,2015,4,11,2
833,6555,648,2015,4,11,3
834,9750,1272,2015,4,11,4
835,3904,438,2015,4,11,5
836,7603,769,2015,4,11,6
837,11408,1094,2015,4,11,7
838,5329,447,2015,4,11,8
839,6614,487,2015,4,11,9
840,5534,428,2015,4,11,10
841,4313,423,2015,4,13,1
842,6564,617,2015,4,13,2
843,6153,613,2015,4,13,3
844,10644,1476,2015,4,13,4
845,4933,575,2015,4,13,5
846,8607,866,2015,4,13,6
847,11122,1110,2015,4,13,7
848,6577,631,2015,4,13,8
849,6420,558,2015,4,13,9
850,6569,529,2015,4,13,10
851,4613,450,2015,4,14,1
852,5662,713,2015,4,14,2
853,7561,717,2015,4,14,3
854,8548,1286,2015,4,14,4
855,4521,511,2015,4,14,5
856,7129,747,2015,4,14,6
857,9613,1086,2015,4,14,7
858,4812,458,2015,4,14,8
859,6226,474,2015,4,14,9
860,5598,453,2015,4,14,10
861,4676,436,2015,4,15,1
862,7258,644,2015,4,15,2
863,7571,706,2015,4,15,3
864,10091,1428,2015,4,15,4
865,5403,611,2015,4,15,5
866,8017,787,2015,4,15,6
867,11049,1105,2015,4,15,7
868,6498,601,2015,4,15,8
869,6812,551,2015,4,15,9
870,6815,537,2015,4,15,10
871,4374,450,2015,4,16,1
872,7325,750,2015,4,16,2
873,6582,625,2015,4,16,3
874,10308,1324,2015,4,16,4
875,4053,485,2015,4,16,5
876,7646,774,2015,4,16,6
877,11229,1088,2015,4,16,7
878,5847,520,2015,4,16,8
879,5919,501,2015,4,16,9
880,5339,414,2015,4,16,10
881,4292,415,2015,4,17,1
882,5769,626,2015,4,17,2
883,6023,610,2015,4,17,3
884,10362,1569,2015,4,17,4
885,4086,524,2015,4,17,5
886,7583,704,2015,4,17,6
887,10062,1136,2015,4,17,7
888,5560,618,2015,4,17,8
889,6528,578,2015,4,17,9
890,6812,557,2015,4,17,10
891,4718,464,2015,4,18,1
892,6948,672,2015,4,18,2
893,6570,629,2015,4,18,3
894,10347,1370,2015,4,18,4
895,4362,535,2015,4,18,5
896,7515,761,2015,4,18,6
897,11391,1137,2015,4,18,7
898,6274,589,2015,4,18,8
899,6260,535,2015,4,18,9
900,5877,489,2015,4,18,10
901,3834,414,2015,4,20,1
902,4815,687,2015,4,20,2
903,6972,648,2015,4,20,3
904,9459,1433,2015,4,20,4
905,4140,500,2015,4,20,5
906,6828,664,2015,4,20,6
907,9397,1083,2015,4,20,7
908,4188,507,2015,4,20,8
909,6320,600,2015,4,20,9
910,5730,540,2015,4,20,10
911,4935,478,2015,4,21,1
912,6062,639,2015,4,21,2
913,7370,670,2015,4,21,3
914,8961,1303,2015,4,21,4
915,4245,455,2015,4,21,5
916,7115,699,2015,4,21,6
917,10546,1124,2015,4,21,7
918,5054,462,2015,4,21,8
919,6882,487,2015,4,21,9
920,5760,456,2015,4,21,10
921,4095,437,2015,4,22,1
922,5539,664,2015,4,22,2
923,7619,736,2015,4,22,3
924,9754,1425,2015,4,22,4
925,5160,574,2015,4,22,5
926,7502,767,2015,4,22,6
927,9620,1075,2015,4,22,7
928,4662,532,2015,4,22,8
929,6995,611,2015,4,22,9
930,6225,574,2015,4,22,10
931,4733,467,2015,4,23,1
932,7250,644,2015,4,23,2
933,7797,749,2015,4,23,3
934,10918,1400,2015,4,23,4
935,5410,593,2015,4,23,5
936,8458,879,2015,4,23,6
937,11277,1114,2015,4,23,7
938,6715,626,2015,4,23,8
939,7077,555,2015,4,23,9
940,6524,522,2015,4,23,10
941,4009,451,2015,4,24,1
942,5195,694,2015,4,24,2
943,7571,714,2015,4,24,3
944,10655,1599,2015,4,24,4
945,3703,452,2015,4,24,5
946,6742,657,2015,4,24,6
947,9109,1087,2015,4,24,7
948,4224,497,2015,4,24,8
949,6754,619,2015,4,24,9
950,6258,608,2015,4,24,10
951,4784,489,2015,4,25,1
952,5498,651,2015,4,25,2
953,7754,729,2015,4,25,3
954,8849,1358,2015,4,25,4
955,4128,443,2015,4,25,5
956,7056,685,2015,4,25,6
957,10079,1108,2015,4,25,7
958,4636,424,2015,4,25,8
959,7005,507,2015,4,25,9
960,5835,467,2015,4,25,10
961,4518,458,2015,4,27,1
962,7175,662,2015,4,27,2
963,7056,694,2015,4,27,3
964,11500,1413,2015,4,27,4
965,4846,557,2015,4,27,5
966,8114,804,2015,4,27,6
967,11069,1065,2015,4,27,7
968,6092,528,2015,4,27,8
969,6785,546,2015,4,27,9
970,6292,509,2015,4,27,10
971,4026,449,2015,4,28,1
972,5743,715,2015,4,28,2
973,7450,734,2015,4,28,3
974,9918,1524,2015,4,28,4
975,5466,615,2015,4,28,5
976,7628,807,2015,4,28,6
977,10042,1062,2015,4,28,7
978,5661,625,2015,4,28,8
979,6938,611,2015,4,28,9
980,6634,591,2015,4,28,10
981,4979,493,2015,4,29,1
982,6723,695,2015,4,29,2
983,7056,636,2015,4,29,3
984,9324,1263,2015,4,29,4
985,3715,386,2015,4,29,5
986,6655,647,2015,4,29,6
987,11255,1150,2015,4,29,7
988,5003,421,2015,4,29,8
989,7152,487,2015,4,29,9
990,5840,438,2015,4,29,10
991,4530,429,2015,4,30,1
992,5950,636,2015,4,30,2
993,6633,610,2015,4,30,3
994,9488,1352,2015,4,30,4
995,3645,416,2015,4,30,5
996,7111,689,2015,4,30,6
997,10633,1168,2015,4,30,7
998,4861,432,2015,4,30,8
999,6910,494,2015,4,30,9
1000,5851,441,2015,4,30,10
1001,4877,488,2015,5,2,1
1002,7628,740,2015,5,2,2
1003,6571,594,2015,5,2,3
1004,11144,1406,2015,5,2,4
1005,5905,617,2015,5,2,5
1006,9579,1035,2015,5,2,6
1007,13228,1360,2015,5,2,7
1008,6948,881,2015,5,2,8
1009,8282,655,2015,5,2,9
1010,7275,603,2015,5,2,10
1011,4837,468,2015,5,4,1
1012,8335,856,2015,5,4,2
1013,7096,636,2015,5,4,3
1014,10435,1333,2015,5,4,4
1015,5204,570,2015,5,4,5
1016,8769,935,2015,5,4,6
1017,13221,1337,2015,5,4,7
1018,6649,768,2015,5,4,8
1019,7314,564,2015,5,4,9
1020,6350,445,2015,5,4,10
1021,4882,491,2015,5,5,1
1022,7403,954,2015,5,5,2
1023,9120,899,2015,5,5,3
1024,8897,1405,2015,5,5,4
1025,6917,791,2015,5,5,5
1026,8947,952,2015,5,5,6
1027,13286,1423,2015,5,5,7
1028,6785,821,2015,5,5,8
1029,9013,715,2015,5,5,9
1030,7100,712,2015,5,5,10
1031,6441,606,2015,5,6,1
1032,7471,917,2015,5,6,2
1033,9597,986,2015,5,6,3
1034,7946,1305,2015,5,6,4
1035,6716,721,2015,5,6,5
1036,7904,912,2015,5,6,6
1037,12125,1328,2015,5,6,7
1038,6000,790,2015,5,6,8
1039,8196,713,2015,5,6,9
1040,6730,687,2015,5,6,10
1041,6108,630,2015,5,7,1
1042,8253,881,2015,5,7,2
1043,10028,1052,2015,5,7,3
1044,9420,1449,2015,5,7,4
1045,7692,820,2015,5,7,5
1046,9112,1017,2015,5,7,6
1047,13305,1328,2015,5,7,7
1048,7734,936,2015,5,7,8
1049,8852,757,2015,5,7,9
1050,8031,755,2015,5,7,10
1051,5920,566,2015,5,8,1
1052,7835,925,2015,5,8,2
1053,9568,975,2015,5,8,3
1054,9257,1439,2015,5,8,4
1055,6922,770,2015,5,8,5
1056,8398,907,2015,5,8,6
1057,12589,1425,2015,5,8,7
1058,5767,749,2015,5,8,8
1059,8578,697,2015,5,8,9
1060,7235,758,2015,5,8,10
1061,5780,556,2015,5,9,1
1062,5812,792,2015,5,9,2
1063,9534,976,2015,5,9,3
1064,8958,1437,2015,5,9,4
1065,6440,745,2015,5,9,5
1066,8296,920,2015,5,9,6
1067,11238,1314,2015,5,9,7
1068,5932,727,2015,5,9,8
1069,8137,730,2015,5,9,9
1070,6524,581,2015,5,9,10
1071,5410,532,2015,5,11,1
1072,7032,775,2015,5,11,2
1073,8661,849,2015,5,11,3
1074,10976,1344,2015,5,11,4
1075,5316,579,2015,5,11,5
1076,9462,1042,2015,5,11,6
1077,13242,1330,2015,5,11,7
1078,7331,862,2015,5,11,8
1079,7692,664,2015,5,11,9
1080,6892,528,2015,5,11,10
1081,5352,561,2015,5,12,1
1082,9271,1002,2015,5,12,2
1083,9083,978,2015,5,12,3
1084,10376,1516,2015,5,12,4
1085,7554,826,2015,5,12,5
1086,9633,1031,2015,5,12,6
1087,13983,1384,2015,5,12,7
1088,7866,938,2015,5,12,8
1089,9287,747,2015,5,12,9
1090,7839,795,2015,5,12,10
1091,6290,577,2015,5,13,1
1092,8912,847,2015,5,13,2
1093,9839,990,2015,5,13,3
1094,10127,1386,2015,5,13,4
1095,7246,741,2015,5,13,5
1096,9301,1036,2015,5,13,6
1097,13779,1404,2015,5,13,7
1098,7796,908,2015,5,13,8
1099,8934,712,2015,5,13,9
1100,7959,703,2015,5,13,10
1101,5492,485,2015,5,15,1
1102,9426,980,2015,5,15,2
1103,9907,990,2015,5,15,3
1104,9695,1412,2015,5,15,4
1105,7476,796,2015,5,15,5
1106,9491,1028,2015,5,15,6
1107,13245,1316,2015,5,15,7
1108,7761,911,2015,5,15,8
1109,8831,727,2015,5,15,9
1110,8103,754,2015,5,15,10
1111,5435,496,2015,5,16,1
1112,8350,881,2015,5,16,2
1113,8871,798,2015,5,16,3
1114,10889,1368,2015,5,16,4
1115,6077,611,2015,5,16,5
1116,9774,1052,2015,5,16,6
1117,13042,1293,2015,5,16,7
1118,7461,863,2015,5,16,8
1119,8379,672,2015,5,16,9
1120,7793,658,2015,5,16,10
1121,5097,467,2015,5,18,1
1122,8308,893,2015,5,18,2
1123,8275,725,2015,5,18,3
1124,11069,1394,2015,5,18,4
1125,6574,660,2015,5,18,5
1126,9943,1075,2015,5,18,6
1127,13140,1352,2015,5,18,7
1128,7709,875,2015,5,18,8
1129,8076,663,2015,5,18,9
1130,7651,645,2015,5,18,10
1131,4907,446,2015,5,19,1
1132,6555,852,2015,5,19,2
1133,9205,898,2015,5,19,3
1134,8845,1356,2015,5,19,4
1135,6029,715,2015,5,19,5
1136,8309,910,2015,5,19,6
1137,11674,1338,2015,5,19,7
1138,6385,742,2015,5,19,8
1139,7544,693,2015,5,19,9
1140,6282,561,2015,5,19,10
1141,5581,530,2015,5,20,1
1142,6046,810,2015,5,20,2
1143,9273,903,2015,5,20,3
1144,8243,1272,2015,5,20,4
1145,6434,704,2015,5,20,5
1146,7964,905,2015,5,20,6
1147,11632,1279,2015,5,20,7
1148,6047,746,2015,5,20,8
1149,7520,715,2015,5,20,9
1150,6546,631,2015,5,20,10
1151,5534,520,2015,5,21,1
1152,5806,659,2015,5,21,2
1153,9366,951,2015,5,21,3
1154,9815,1312,2015,5,21,4
1155,6047,654,2015,5,21,5
1156,8433,915,2015,5,21,6
1157,11968,1335,2015,5,21,7
1158,6669,714,2015,5,21,8
1159,8186,700,2015,5,21,9
1160,6447,485,2015,5,21,10
1161,4847,506,2015,5,22,1
1162,7045,847,2015,5,22,2
1163,9452,967,2015,5,22,3
1164,8761,1366,2015,5,22,4
1165,6390,702,2015,5,22,5
1166,8525,944,2015,5,22,6
1167,11998,1247,2015,5,22,7
1168,5993,759,2015,5,22,8
1169,7882,701,2015,5,22,9
1170,6710,680,2015,5,22,10
1171,5981,602,2015,5,23,1
1172,7314,730,2015,5,23,2
1173,9921,1008,2015,5,23,3
1174,10700,1305,2015,5,23,4
1175,7478,722,2015,5,23,5
1176,9624,1068,2015,5,23,6
1177,13439,1393,2015,5,23,7
1178,7343,880,2015,5,23,8
1179,8730,699,2015,5,23,9
1180,8123,729,2015,5,23,10
1181,4701,415,2015,5,26,1
1182,6738,757,2015,5,26,2
1183,9156,947,2015,5,26,3
1184,9891,1283,2015,5,26,4
1185,4962,629,2015,5,26,5
1186,8721,960,2015,5,26,6
1187,12402,1329,2015,5,26,7
1188,6315,634,2015,5,26,8
1189,7770,627,2015,5,26,9
1190,6196,445,2015,5,26,10
1191,4721,456,2015,5,27,1
1192,8121,767,2015,5,27,2
1193,8465,778,2015,5,27,3
1194,10915,1346,2015,5,27,4
1195,7426,696,2015,5,27,5
1196,9910,1063,2015,5,27,6
1197,13864,1370,2015,5,27,7
1198,7688,890,2015,5,27,8
1199,8442,687,2015,5,27,9
1200,8129,734,2015,5,27,10
1201,5319,505,2015,5,28,1
1202,7600,937,2015,5,28,2
1203,9737,989,2015,5,28,3
1204,8720,1359,2015,5,28,4
1205,6881,746,2015,5,28,5
1206,8301,928,2015,5,28,6
1207,13088,1346,2015,5,28,7
1208,6361,795,2015,5,28,8
1209,8304,729,2015,5,28,9
1210,6921,682,2015,5,28,10
1211,5564,516,2015,5,29,1
1212,6237,677,2015,5,29,2
1213,8652,837,2015,5,29,3
1214,9881,1333,2015,5,29,4
1215,5165,575,2015,5,29,5
1216,8032,826,2015,5,29,6
1217,12909,1378,2015,5,29,7
1218,6448,685,2015,5,29,8
1219,8013,612,2015,5,29,9
1220,6236,449,2015,5,29,10
1221,4816,434,2015,5,30,1
1222,7210,842,2015,5,30,2
1223,8823,870,2015,5,30,3
1224,10779,1419,2015,5,30,4
1225,5712,695,2015,5,30,5
1226,8860,968,2015,5,30,6
1227,12503,1363,2015,5,30,7
1228,7635,832,2015,5,30,8
1229,8201,760,2015,5,30,9
1230,6879,555,2015,5,30,10
1231,4845,483,2015,6,1,1
1232,7747,679,2015,6,1,2
1233,6348,616,2015,6,1,3
1234,10149,1181,2015,6,1,4
1235,4168,443,2015,6,1,5
1236,7638,756,2015,6,1,6
1237,11763,1130,2015,6,1,7
1238,6788,615,2015,6,1,8
1239,6442,484,2015,6,1,9
1240,5984,484,2015,6,1,10
1241,4806,467,2015,6,2,1
1242,7237,630,2015,6,2,2
1243,6194,624,2015,6,2,3
1244,11006,1323,2015,6,2,4
1245,3824,442,2015,6,2,5
1246,8079,812,2015,6,2,6
1247,11597,1107,2015,6,2,7
1248,7213,652,2015,6,2,8
1249,6987,572,2015,6,2,9
1250,6524,597,2015,6,2,10
1251,4708,487,2015,6,3,1
1252,7147,661,2015,6,3,2
1253,6182,581,2015,6,3,3
1254,9878,1273,2015,6,3,4
1255,3815,417,2015,6,3,5
1256,7241,743,2015,6,3,6
1257,11340,1164,2015,6,3,7
1258,5682,532,2015,6,3,8
1259,6494,477,2015,6,3,9
1260,6164,506,2015,6,3,10
1261,6004,477,2015,6,4,2
1262,5381,400,2015,6,4,4
1263,6067,631,2015,6,4,5
1264,7486,808,2015,6,4,6
1265,10260,1063,2015,6,4,7
1266,8235,885,2015,6,4,8
1267,6059,560,2015,6,4,10
1268,5367,518,2015,6,5,1
1269,7403,693,2015,6,5,2
1270,9013,869,2015,6,5,3
1271,9470,1211,2015,6,5,4
1272,6472,710,2015,6,5,5
1273,8568,845,2015,6,5,6
1274,9969,1085,2015,6,5,7
1275,6560,572,2015,6,5,8
1276,7698,696,2015,6,5,9
1277,7221,699,2015,6,5,10
1278,5217,495,2015,6,6,1
1279,6918,711,2015,6,6,2
1280,9072,854,2015,6,6,3
1281,8313,1196,2015,6,6,4
1282,6355,670,2015,6,6,5
1283,7385,813,2015,6,6,6
1284,9487,1049,2015,6,6,7
1285,5766,607,2015,6,6,8
1286,7159,656,2015,6,6,9
1287,6950,702,2015,6,6,10
1288,5336,502,2015,6,8,1
1289,6707,659,2015,6,8,2
1290,8552,830,2015,6,8,3
1291,9399,1352,2015,6,8,4
1292,5708,646,2015,6,8,5
1293,8358,881,2015,6,8,6
1294,9680,990,2015,6,8,7
1295,6881,645,2015,6,8,8
1296,6937,611,2015,6,8,9
1297,7511,678,2015,6,8,10
1298,4960,510,2015,6,9,1
1299,5278,692,2015,6,9,2
1300,7603,741,2015,6,9,3
1301,9603,1379,2015,6,9,4
1302,4000,432,2015,6,9,5
1303,7350,717,2015,6,9,6
1304,9728,1045,2015,6,9,7
1305,4895,470,2015,6,9,8
1306,6400,528,2015,6,9,9
1307,6628,614,2015,6,9,10
1308,4623,447,2015,6,10,1
1309,5729,525,2015,6,10,2
1310,6458,668,2015,6,10,3
1311,10781,1522,2015,6,10,4
1312,4104,490,2015,6,10,5
1313,7995,752,2015,6,10,6
1314,9781,951,2015,6,10,7
1315,6701,575,2015,6,10,8
1316,6043,556,2015,6,10,9
1317,7296,640,2015,6,10,10
1318,4614,488,2015,6,11,1
1319,6848,682,2015,6,11,2
1320,6412,647,2015,6,11,3
1321,10648,1317,2015,6,11,4
1322,3544,427,2015,6,11,5
1323,7309,757,2015,6,11,6
1324,11065,1065,2015,6,11,7
1325,6078,535,2015,6,11,8
1326,6291,517,2015,6,11,9
1327,5590,474,2015,6,11,10
1328,3935,420,2015,6,12,1
1329,5369,558,2015,6,12,2
1330,5589,569,2015,6,12,3
1331,9841,1483,2015,6,12,4
1332,3907,467,2015,6,12,5
1333,8047,738,2015,6,12,6
1334,9473,972,2015,6,12,7
1335,5851,599,2015,6,12,8
1336,6104,576,2015,6,12,9
1337,7120,610,2015,6,12,10
1338,4732,458,2015,6,13,1
1339,7040,599,2015,6,13,2
1340,7784,745,2015,6,13,3
1341,10975,1349,2015,6,13,4
1342,5781,660,2015,6,13,5
1343,8269,851,2015,6,13,6
1344,11038,1091,2015,6,13,7
1345,7184,631,2015,6,13,8
1346,6953,586,2015,6,13,9
1347,7340,692,2015,6,13,10
1348,4607,438,2015,6,15,1
1349,6949,666,2015,6,15,2
1350,7120,676,2015,6,15,3
1351,10712,1494,2015,6,15,4
1352,3969,508,2015,6,15,5
1353,7646,719,2015,6,15,6
1354,10511,1036,2015,6,15,7
1355,6590,556,2015,6,15,8
1356,6875,600,2015,6,15,9
1357,6931,619,2015,6,15,10
1358,4574,478,2015,6,16,1
1359,7028,667,2015,6,16,2
1360,6061,605,2015,6,16,3
1361,10422,1368,2015,6,16,4
1362,3856,462,2015,6,16,5
1363,7189,724,2015,6,16,6
1364,10849,1072,2015,6,16,7
1365,6628,555,2015,6,16,8
1366,6128,550,2015,6,16,9
1367,5885,552,2015,6,16,10
1368,4029,434,2015,6,17,1
1369,5476,553,2015,6,17,2
1370,6364,621,2015,6,17,3
1371,10174,1466,2015,6,17,4
1372,4420,535,2015,6,17,5
1373,7718,734,2015,6,17,6
1374,9785,975,2015,6,17,7
1375,6314,627,2015,6,17,8
1376,6146,583,2015,6,17,9
1377,7103,617,2015,6,17,10
1378,4718,470,2015,6,18,1
1379,7295,650,2015,6,18,2
1380,6439,625,2015,6,18,3
1381,10380,1344,2015,6,18,4
1382,4250,516,2015,6,18,5
1383,7343,731,2015,6,18,6
1384,10857,1075,2015,6,18,7
1385,6668,561,2015,6,18,8
1386,6114,547,2015,6,18,9
1387,6074,568,2015,6,18,10
1388,3829,432,2015,6,19,1
1389,4922,658,2015,6,19,2
1390,5808,541,2015,6,19,3
1391,9328,1356,2015,6,19,4
1392,3486,375,2015,6,19,5
1393,6177,602,2015,6,19,6
1394,9175,1014,2015,6,19,7
1395,4297,487,2015,6,19,8
1396,5725,507,2015,6,19,9
1397,6133,551,2015,6,19,10
1398,4052,432,2015,6,20,1
1399,5264,567,2015,6,20,2
1400,6706,629,2015,6,20,3
1401,8870,1319,2015,6,20,4
1402,4507,452,2015,6,20,5
1403,6470,652,2015,6,20,6
1404,9256,991,2015,6,20,7
1405,4908,528,2015,6,20,8
1406,5588,500,2015,6,20,9
1407,6286,580,2015,6,20,10
1408,3992,445,2015,6,22,1
1409,5372,631,2015,6,22,2
1410,7175,695,2015,6,22,3
1411,9182,1322,2015,6,22,4
1412,4206,451,2015,6,22,5
1413,6748,655,2015,6,22,6
1414,9178,1004,2015,6,22,7
1415,4660,522,2015,6,22,8
1416,5671,528,2015,6,22,9
1417,6449,566,2015,6,22,10
1418,4353,461,2015,6,23,1
1419,6736,581,2015,6,23,2
1420,7780,734,2015,6,23,3
1421,11073,1377,2015,6,23,4
1422,4449,515,2015,6,23,5
1423,7660,744,2015,6,23,6
1424,10395,991,2015,6,23,7
1425,6745,552,2015,6,23,8
1426,6499,534,2015,6,23,9
1427,6593,610,2015,6,23,10
1428,3694,427,2015,6,24,1
1429,5020,637,2015,6,24,2
1430,6449,622,2015,6,24,3
1431,9437,1386,2015,6,24,4
1432,3384,375,2015,6,24,5
1433,6310,607,2015,6,24,6
1434,8145,961,2015,6,24,7
1435,4181,499,2015,6,24,8
1436,5637,539,2015,6,24,9
1437,6721,609,2015,6,24,10
1438,4286,455,2015,6,25,1
1439,5397,608,2015,6,25,2
1440,6633,608,2015,6,25,3
1441,9112,1340,2015,6,25,4
1442,3552,338,2015,6,25,5
1443,6130,598,2015,6,25,6
1444,9182,942,2015,6,25,7
1445,4410,369,2015,6,25,8
1446,6285,459,2015,6,25,9
1447,5912,475,2015,6,25,10
1448,4591,459,2015,6,26,1
1449,6229,556,2015,6,26,2
1450,6491,595,2015,6,26,3
1451,10495,1358,2015,6,26,4
1452,3222,321,2015,6,26,5
1453,6526,634,2015,6,26,6
1454,10326,1050,2015,6,26,7
1455,4544,347,2015,6,26,8
1456,6707,478,2015,6,26,9
1457,6096,458,2015,6,26,10
1458,4330,450,2015,6,27,1
1459,6669,541,2015,6,27,2
1460,6072,608,2015,6,27,3
1461,10636,1444,2015,6,27,4
1462,4136,465,2015,6,27,5
1463,7180,671,2015,6,27,6
1464,10064,963,2015,6,27,7
1465,6391,526,2015,6,27,8
1466,6321,527,2015,6,27,9
1467,6373,582,2015,6,27,10
1468,4591,492,2015,6,29,1
1469,7003,700,2015,6,29,2
1470,5890,556,2015,6,29,3
1471,9219,1266,2015,6,29,4
1472,3725,413,2015,6,29,5
1473,6611,666,2015,6,29,6
1474,10177,1082,2015,6,29,7
1475,5067,411,2015,6,29,8
1476,6416,457,2015,6,29,9
1477,5783,453,2015,6,29,10
1478,4545,449,2015,6,30,1
1479,6386,577,2015,6,30,2
1480,6190,535,2015,6,30,3
1481,9710,1329,2015,6,30,4
1482,3231,321,2015,6,30,5
1483,6401,622,2015,6,30,6
1484,10639,1065,2015,6,30,7
1485,4655,412,2015,6,30,8
1486,6570,465,2015,6,30,9
1487,6050,479,2015,6,30,10
1488,5909,639,2015,7,1,1
1489,9667,884,2015,7,1,2
1490,10253,1064,2015,7,1,3
1491,14006,1673,2015,7,1,4
1492,9705,867,2015,7,1,5
1493,11731,1207,2015,7,1,6
1494,18065,1644,2015,7,1,7
1495,10516,1063,2015,7,1,8
1496,11580,1092,2015,7,1,9
1497,10578,1124,2015,7,1,10
1498,6237,634,2015,7,2,1
1499,12054,1048,2015,7,2,2
1500,11873,1210,2015,7,2,3
1501,12797,1510,2015,7,2,4
1502,10286,949,2015,7,2,5
1503,12419,1260,2015,7,2,6
1504,16887,1521,2015,7,2,7
1505,11032,1026,2015,7,2,8
1506,12209,1060,2015,7,2,9
1507,11169,1210,2015,7,2,10
1508,5707,578,2015,7,3,1
1509,11892,1078,2015,7,3,2
1510,10602,1131,2015,7,3,3
1511,12361,1431,2015,7,3,4
1512,8671,827,2015,7,3,5
1513,11136,1137,2015,7,3,6
1514,14482,1271,2015,7,3,7
1515,10683,1095,2015,7,3,8
1516,11132,1012,2015,7,3,9
1517,9861,1052,2015,7,3,10
1518,7690,878,2015,7,4,1
1519,12775,1151,2015,7,4,2
1520,13054,1382,2015,7,4,3
1521,12746,1510,2015,7,4,4
1522,10262,1027,2015,7,4,5
1523,12661,1339,2015,7,4,6
1524,16392,1479,2015,7,4,7
1525,11895,1179,2015,7,4,8
1526,12681,1175,2015,7,4,9
1527,10459,1179,2015,7,4,10
1528,6389,820,2015,7,6,1
1529,11700,946,2015,7,6,2
1530,12215,1201,2015,7,6,3
1531,12987,1647,2015,7,6,4
1532,9397,878,2015,7,6,5
1533,12029,1231,2015,7,6,6
1534,14250,1234,2015,7,6,7
1535,10755,1070,2015,7,6,8
1536,11708,1018,2015,7,6,9
1537,9357,1034,2015,7,6,10
1538,8862,1029,2015,7,7,1
1539,11231,897,2015,7,7,2
1540,13667,1377,2015,7,7,3
1541,12304,1583,2015,7,7,4
1542,10665,1058,2015,7,7,5
1543,12163,1262,2015,7,7,6
1544,15867,1422,2015,7,7,7
1545,10826,1085,2015,7,7,8
1546,12394,1099,2015,7,7,9
1547,10072,1132,2015,7,7,10
1548,6936,846,2015,7,8,1
1549,11183,911,2015,7,8,2
1550,12839,1271,2015,7,8,3
1551,11846,1537,2015,7,8,4
1552,9646,920,2015,7,8,5
1553,11714,1165,2015,7,8,6
1554,13831,1210,2015,7,8,7
1555,10313,991,2015,7,8,8
1556,11987,1042,2015,7,8,9
1557,9382,1027,2015,7,8,10
1558,7194,823,2015,7,9,1
1559,10596,945,2015,7,9,2
1560,10995,1137,2015,7,9,3
1561,12508,1549,2015,7,9,4
1562,8547,824,2015,7,9,5
1563,10851,1113,2015,7,9,6
1564,15045,1411,2015,7,9,7
1565,9136,1004,2015,7,9,8
1566,11379,1056,2015,7,9,9
1567,9692,1161,2015,7,9,10
1568,9589,1295,2015,7,10,1
1569,11371,938,2015,7,10,2
1570,13886,1488,2015,7,10,3
1571,12940,1717,2015,7,10,4
1572,11015,1108,2015,7,10,5
1573,12143,1250,2015,7,10,6
1574,16448,1508,2015,7,10,7
1575,10743,1083,2015,7,10,8
1576,12955,1179,2015,7,10,9
1577,10600,1251,2015,7,10,10
1578,6843,799,2015,7,11,1
1579,11599,1052,2015,7,11,2
1580,12552,1341,2015,7,11,3
1581,13084,1565,2015,7,11,4
1582,9718,985,2015,7,11,5
1583,11560,1209,2015,7,11,6
1584,16056,1424,2015,7,11,7
1585,10589,1060,2015,7,11,8
1586,12252,1182,2015,7,11,9
1587,10639,1176,2015,7,11,10
1588,6964,766,2015,7,13,1
1589,12634,1084,2015,7,13,2
1590,13476,1357,2015,7,13,3
1591,12606,1560,2015,7,13,4
1592,10725,1042,2015,7,13,5
1593,12489,1317,2015,7,13,6
1594,16203,1418,2015,7,13,7
1595,11496,1099,2015,7,13,8
1596,12909,1145,2015,7,13,9
1597,10240,1108,2015,7,13,10
1598,6286,728,2015,7,14,1
1599,11196,1004,2015,7,14,2
1600,9948,1018,2015,7,14,3
1601,12808,1509,2015,7,14,4
1602,8382,773,2015,7,14,5
1603,10840,1125,2015,7,14,6
1604,14167,1279,2015,7,14,7
1605,9429,995,2015,7,14,8
1606,10873,987,2015,7,14,9
1607,9705,1124,2015,7,14,10
1608,8594,1040,2015,7,15,1
1609,11480,920,2015,7,15,2
1610,13852,1440,2015,7,15,3
1611,12762,1655,2015,7,15,4
1612,10943,1112,2015,7,15,5
1613,12309,1289,2015,7,15,6
1614,16962,1560,2015,7,15,7
1615,11291,1120,2015,7,15,8
1616,13153,1177,2015,7,15,9
1617,10599,1219,2015,7,15,10
1618,6357,694,2015,7,16,1
1619,12539,1114,2015,7,16,2
1620,12821,1342,2015,7,16,3
1621,12638,1502,2015,7,16,4
1622,10348,1045,2015,7,16,5
1623,11833,1223,2015,7,16,6
1624,15625,1367,2015,7,16,7
1625,11215,1079,2015,7,16,8
1626,12718,1158,2015,7,16,9
1627,11060,1196,2015,7,16,10
1628,6113,689,2015,7,17,1
1629,11935,979,2015,7,17,2
1630,12663,1209,2015,7,17,3
1631,12385,1610,2015,7,17,4
1632,10243,994,2015,7,17,5
1633,12073,1217,2015,7,17,6
1634,14894,1286,2015,7,17,7
1635,10741,1046,2015,7,17,8
1636,12064,1043,2015,7,17,9
1637,9850,1097,2015,7,17,10
1638,7013,714,2015,7,18,1
1639,11905,982,2015,7,18,2
1640,13035,1328,2015,7,18,3
1641,12426,1491,2015,7,18,4
1642,10588,1039,2015,7,18,5
1643,11841,1217,2015,7,18,6
1644,15625,1383,2015,7,18,7
1645,11028,1080,2015,7,18,8
1646,12750,1126,2015,7,18,9
1647,11088,1272,2015,7,18,10
1648,6058,738,2015,7,20,1
1649,11155,971,2015,7,20,2
1650,11193,1125,2015,7,20,3
1651,12352,1548,2015,7,20,4
1652,9001,850,2015,7,20,5
1653,11174,1127,2015,7,20,6
1654,13530,1197,2015,7,20,7
1655,9846,993,2015,7,20,8
1656,11392,979,2015,7,20,9
1657,9596,1099,2015,7,20,10
1658,8773,1104,2015,7,21,1
1659,9315,839,2015,7,21,2
1660,10939,1185,2015,7,21,3
1661,13078,1591,2015,7,21,4
1662,8707,856,2015,7,21,5
1663,10881,1141,2015,7,21,6
1664,15773,1509,2015,7,21,7
1665,9180,1025,2015,7,21,8
1666,11660,1119,2015,7,21,9
1667,10150,1204,2015,7,21,10
1668,8072,1033,2015,7,22,1
1669,10817,919,2015,7,22,2
1670,12442,1297,2015,7,22,3
1671,13442,1781,2015,7,22,4
1672,9862,972,2015,7,22,5
1673,11465,1199,2015,7,22,6
1674,15296,1425,2015,7,22,7
1675,10204,1068,2015,7,22,8
1676,12100,1143,2015,7,22,9
1677,9953,1156,2015,7,22,10
1678,9607,1188,2015,7,23,1
1679,11923,1041,2015,7,23,2
1680,14141,1502,2015,7,23,3
1681,14002,1791,2015,7,23,4
1682,11008,1084,2015,7,23,5
1683,12979,1415,2015,7,23,6
1684,17474,1601,2015,7,23,7
1685,11597,1154,2015,7,23,8
1686,12892,1177,2015,7,23,9
1687,11471,1339,2015,7,23,10
1688,6001,773,2015,7,24,1
1689,11113,945,2015,7,24,2
1690,11613,1132,2015,7,24,3
1691,12050,1498,2015,7,24,4
1692,8779,818,2015,7,24,5
1693,11454,1174,2015,7,24,6
1694,13180,1141,2015,7,24,7
1695,10288,989,2015,7,24,8
1696,11387,971,2015,7,24,9
1697,9259,1039,2015,7,24,10
1698,8494,1030,2015,7,25,1
1699,8894,803,2015,7,25,2
1700,10835,1175,2015,7,25,3
1701,13128,1615,2015,7,25,4
1702,8171,800,2015,7,25,5
1703,10556,1118,2015,7,25,6
1704,15609,1519,2015,7,25,7
1705,8839,989,2015,7,25,8
1706,11350,1076,2015,7,25,9
1707,9843,1190,2015,7,25,10
1708,9809,1313,2015,7,27,1
1709,11738,1054,2015,7,27,2
1710,14565,1612,2015,7,27,3
1711,14044,1762,2015,7,27,4
1712,11081,1099,2015,7,27,5
1713,13214,1389,2015,7,27,6
1714,16994,1567,2015,7,27,7
1715,11617,1125,2015,7,27,8
1716,13395,1224,2015,7,27,9
1717,10891,1210,2015,7,27,10
1718,6190,775,2015,7,28,1
1719,11386,946,2015,7,28,2
1720,12002,1170,2015,7,28,3
1721,13036,1665,2015,7,28,4
1722,9366,886,2015,7,28,5
1723,11689,1206,2015,7,28,6
1724,13607,1156,2015,7,28,7
1725,10244,953,2015,7,28,8
1726,11553,972,2015,7,28,9
1727,9333,1053,2015,7,28,10
1728,8313,997,2015,7,29,1
1729,10798,998,2015,7,29,2
1730,11742,1285,2015,7,29,3
1731,13304,1641,2015,7,29,4
1732,8564,856,2015,7,29,5
1733,9178,952,2015,7,29,6
1734,14778,1349,2015,7,29,7
1735,9880,1061,2015,7,29,8
1736,11417,1056,2015,7,29,9
1737,9413,1014,2015,7,29,10
1738,7252,899,2015,7,30,1
1739,10382,968,2015,7,30,2
1740,10009,1119,2015,7,30,3
1741,13124,1590,2015,7,30,4
1742,7621,739,2015,7,30,5
1743,10049,1059,2015,7,30,6
1744,13948,1326,2015,7,30,7
1745,8754,910,2015,7,30,8
1746,11144,989,2015,7,30,9
1747,9564,1078,2015,7,30,10
1748,8674,1104,2015,7,31,1
1749,10626,984,2015,7,31,2
1750,11281,1273,2015,7,31,3
1751,13966,1730,2015,7,31,4
1752,10050,1021,2015,7,31,5
1753,10467,1121,2015,7,31,6
1754,16357,1531,2015,7,31,7
1755,10710,1114,2015,7,31,8
1756,12330,1220,2015,7,31,9
1757,10838,1280,2015,7,31,10
